Τύπος Εγκλήματος,Πλήθος
VEHICLE - STOLEN,11652
BATTERY - SIMPLE ASSAULT,7403
BURGLARY FROM VEHICLE,6286
THEFT OF IDENTITY,6265
"VANDALISM - FELONY ($400 & OVER, ALL CHURCH VANDALISMS)",5924
BURGLARY,5746
THEFT PLAIN - PETTY ($950 & UNDER),5375
"ASSAULT WITH DEADLY WEAPON, AGGRAVATED ASSAULT",5335
INTIMATE PARTNER - SIMPLE ASSAULT,4531
THEFT FROM MOTOR VEHICLE - PETTY ($950 & UNDER),4106
THEFT FROM MOTOR VEHICLE - GRAND ($950.01 AND OVER),3728
"THEFT-GRAND ($950.01 & OVER)EXCPT,GUNS,FOWL,LIVESTK,PROD",3577
ROBBERY,3146
SHOPLIFTING - PETTY THEFT ($950 & UNDER),3058
VANDALISM - MISDEAMEANOR ($399 OR UNDER),2510
CRIMINAL THREATS - NO WEAPON DISPLAYED,1904
TRESPASSING,1901
BRANDISH WEAPON,1416
INTIMATE PARTNER - AGGRAVATED ASSAULT,1330
VIOLATION OF RESTRAINING ORDER,1194
"LETTERS, LEWD  -  TELEPHONE CALLS, LEWD",825
BIKE - STOLEN,762
OTHER MISCELLANEOUS CRIME,667
VIOLATION OF COURT ORDER,660
"BUNCO, GRAND THEFT",647
SHOPLIFTING-GRAND THEFT ($950.01 & OVER),548
ATTEMPTED ROBBERY,451
"THEFT, PERSON",444
"BURGLARY, ATTEMPTED",425
BATTERY WITH SEXUAL CONTACT,411
OTHER ASSAULT,400
"RAPE, FORCIBLE",391
VEHICLE - ATTEMPT STOLEN,387
"EMBEZZLEMENT, GRAND THEFT ($950.01 & OVER)",384
PICKPOCKET,374
DOCUMENT FORGERY / STOLEN FELONY,348
CHILD ABUSE (PHYSICAL) - SIMPLE ASSAULT,325
"VEHICLE, STOLEN - OTHER (MOTORIZED SCOOTERS, BIKES, ETC)",304
DISCHARGE FIREARMS/SHOTS FIRED,285
BATTERY POLICE (SIMPLE),279
CONTEMPT OF COURT,268
ARSON,237
EXTORTION,189
"BUNCO, PETTY THEFT",189
CRM AGNST CHLD (13 OR UNDER) (14-15 & SUSP 10 YRS OLDER),183
SHOTS FIRED AT INHABITED DWELLING,178
FAILURE TO YIELD,172
CRIMINAL HOMICIDE,158
DISTURBING THE PEACE,146
CHILD NEGLECT (SEE 300 W.I.C.),131
INDECENT EXPOSURE,128
SEXUAL PENETRATION W/FOREIGN OBJECT,117
"SEX,UNLAWFUL(INC MUTUAL CONSENT, PENETRATION W/ FRGN OBJ",114
ASSAULT WITH DEADLY WEAPON ON POLICE OFFICER,114
RESISTING ARREST,114
CHILD ANNOYING (17YRS & UNDER),106
SEX OFFENDER REGISTRANT OUT OF COMPLIANCE,97
LEWD CONDUCT,84
THROWING OBJECT AT MOVING VEHICLE,83
VIOLATION OF TEMPORARY RESTRAINING ORDER,83
ORAL COPULATION,80
KIDNAPPING,80
THREATENING PHONE CALLS/LETTERS,70
THEFT FROM MOTOR VEHICLE - ATTEMPT,69
"BURGLARY FROM VEHICLE, ATTEMPTED",68
STALKING,64
CHILD ABUSE (PHYSICAL) - AGGRAVATED ASSAULT,53
HUMAN TRAFFICKING - COMMERCIAL SEX ACTS,51
SODOMY/SEXUAL CONTACT B/W PENIS OF ONE PERS TO ANUS OTH,50
UNAUTHORIZED COMPUTER ACCESS,47
"DEFRAUDING INNKEEPER/THEFT OF SERVICES, $950 & UNDER",45
"SHOTS FIRED AT MOVING VEHICLE, TRAIN OR AIRCRAFT",41
THEFT PLAIN - ATTEMPT,40
CRUELTY TO ANIMALS,38
BOMB SCARE,38
"RAPE, ATTEMPTED",37
PEEPING TOM,37
CHILD STEALING,35
FALSE IMPRISONMENT,35
RECKLESS DRIVING,34
CHILD PORNOGRAPHY,32
BATTERY ON A FIREFIGHTER,32
FALSE POLICE REPORT,24
KIDNAPPING - GRAND ATTEMPT,23
"BUNCO, ATTEMPT",23
PROWLER,22
"EMBEZZLEMENT, PETTY THEFT ($950 & UNDER)",19
DRIVING WITHOUT OWNER CONSENT (DWOC),16
COUNTERFEIT,16
PURSE SNATCHING,15
BOAT - STOLEN,14
"CREDIT CARDS, FRAUD USE ($950.01 & OVER)",14
SHOPLIFTING - ATTEMPT,13
ILLEGAL DUMPING,13
PIMPING,12
"DEFRAUDING INNKEEPER/THEFT OF SERVICES, OVER $950.01",10
THEFT FROM PERSON - ATTEMPT,10
PANDERING,9
HUMAN TRAFFICKING - INVOLUNTARY SERVITUDE,6
CHILD ABANDONMENT,6
DOCUMENT WORTHLESS ($200.01 & OVER),6
WEAPONS POSSESSION/BOMBING,5
LEWD/LASCIVIOUS ACTS WITH CHILD,5
DISHONEST EMPLOYEE - GRAND THEFT,4
DRUNK ROLL,4
"CREDIT CARDS, FRAUD USE ($950 & UNDER",4
TELEPHONE PROPERTY - DAMAGE,4
"THEFT, COIN MACHINE - PETTY ($950 & UNDER)",3
INCITING A RIOT,3
INCEST (SEXUAL ACTS BETWEEN BLOOD RELATIVES),3
TILL TAP - PETTY ($950 & UNDER),3
CONTRIBUTING,2
"REPLICA FIREARMS(SALE,DISPLAY,MANUFACTURE OR DISTRIBUTE)",2
DISHONEST EMPLOYEE - PETTY THEFT,2
DISHONEST EMPLOYEE ATTEMPTED THEFT,1
"THEFT, COIN MACHINE - ATTEMPT",1
GRAND THEFT / INSURANCE FRAUD,1
TILL TAP - GRAND THEFT ($950.01 & OVER),1
CONSPIRACY,1
"PICKPOCKET, ATTEMPT",1
DOCUMENT WORTHLESS ($200 & UNDER),1
PURSE SNATCHING - ATTEMPT,1
BIGAMY,1
FIREARMS RESTRAINING ORDER (FIREARMS RO),1
BIKE - ATTEMPTED STOLEN,1
TRAIN WRECKING,1
"BEASTIALITY, CRIME AGAINST NATURE SEXUAL ASSLT WITH ANIM",1
"THEFT, COIN MACHINE - GRAND ($950.01 & OVER)",1
